{
  "Total" : {
    "transaction" : "Total",
    "sampleCount" : 20,
    "errorCount" : 0,
    "errorPct" : 0.0,
    "meanResTime" : 8.900000000000002,
    "medianResTime" : 9.0,
    "minResTime" : 6.0,
    "maxResTime" : 16.0,
    "pct1ResTime" : 9.0,
    "pct2ResTime" : 15.649999999999995,
    "pct3ResTime" : 16.0,
    "throughput" : 4.235493434985175,
    "receivedKBytesPerSec" : 6.328422808132147,
    "sentKBytesPerSec" : 0.4798019906819144
  },
  "HTTP Request test" : {
    "transaction" : "HTTP Request test",
    "sampleCount" : 20,
    "errorCount" : 0,
    "errorPct" : 0.0,
    "meanResTime" : 8.900000000000002,
    "medianResTime" : 9.0,
    "minResTime" : 6.0,
    "maxResTime" : 16.0,
    "pct1ResTime" : 9.0,
    "pct2ResTime" : 15.649999999999995,
    "pct3ResTime" : 16.0,
    "throughput" : 4.235493434985175,
    "receivedKBytesPerSec" : 6.328422808132147,
    "sentKBytesPerSec" : 0.4798019906819144
  }
}